{"cameraMode":{"drawMode":0,"name":"Shaded","section":"Shading Mode"},"sceneLighting":false,"audioPlay":false,"sceneViewState":{"m_AlwaysRefresh":false,"showFog":true,"showSkybox":false,"showFlares":true,"showImageEffects":true,"showParticleSystems":true,"showVisualEffectGraphs":true,"m_FxEnabled":true},"in2DMode":false,"pivot":{"x":-0.01649603247642517,"y":0.0642469972372055,"z":0.04550042748451233},"rotation":{"x":0.06496433913707733,"y":0.7274040579795837,"z":0.06967656314373017,"w":-0.6797110438346863},"size":0.36337611079216006,"orthographic":false}