{"cameraMode":{"drawMode":0,"name":"Shaded","section":"Shading Mode"},"sceneLighting":false,"audioPlay":false,"sceneViewState":{"m_AlwaysRefresh":false,"showFog":true,"showSkybox":false,"showFlares":true,"showImageEffects":true,"showParticleSystems":true,"showVisualEffectGraphs":true,"m_FxEnabled":true},"in2DMode":false,"pivot":{"x":-0.02439725399017334,"y":0.9455491900444031,"z":-0.014105558395385743},"rotation":{"x":0.05253072828054428,"y":-0.9466214776039124,"z":0.23288458585739137,"w":0.21947497129440309},"size":1.5285731554031373,"orthographic":false}