{"cameraMode":{"drawMode":0,"name":"Shaded","section":"Shading Mode"},"sceneLighting":false,"audioPlay":false,"sceneViewState":{"m_AlwaysRefresh":false,"showFog":true,"showSkybox":false,"showFlares":true,"showImageEffects":true,"showParticleSystems":true,"showVisualEffectGraphs":true,"m_FxEnabled":true},"in2DMode":false,"pivot":{"x":0.0000171661376953125,"y":0.9455491900444031,"z":-0.03686700016260147},"rotation":{"x":0.009692047722637654,"y":-0.9366145730018616,"z":0.3505898714065552,"w":0.022374335676431657},"size":1.4376379251480103,"orthographic":false}