{"cameraMode":{"drawMode":0,"name":"Shaded","section":"Shading Mode"},"sceneLighting":false,"audioPlay":false,"sceneViewState":{"m_AlwaysRefresh":false,"showFog":true,"showSkybox":false,"showFlares":true,"showImageEffects":true,"showParticleSystems":true,"showVisualEffectGraphs":true,"m_FxEnabled":true},"in2DMode":false,"pivot":{"x":5.21540641784668e-8,"y":0.0030397623777389528,"z":-0.003649994730949402},"rotation":{"x":0.09789314866065979,"y":0.04182905703783035,"z":-0.0037434224504977466,"w":0.9945253729820252},"size":0.09910722076892853,"orthographic":false}