{"cameraMode":{"drawMode":0,"name":"Shaded","section":"Shading Mode"},"sceneLighting":false,"audioPlay":false,"sceneViewState":{"m_AlwaysRefresh":false,"showFog":true,"showSkybox":false,"showFlares":true,"showImageEffects":true,"showParticleSystems":true,"showVisualEffectGraphs":true,"m_FxEnabled":true},"in2DMode":false,"pivot":{"x":-0.18246474862098695,"y":1.574484944343567,"z":-0.11083377152681351},"rotation":{"x":0.0684942901134491,"y":-0.8623660802841187,"z":0.12240539491176605,"w":0.4868694543838501},"size":0.2668895423412323,"orthographic":false}