{"cameraMode":{"drawMode":0,"name":"Shaded","section":"Shading Mode"},"sceneLighting":false,"audioPlay":false,"sceneViewState":{"m_AlwaysRefresh":false,"showFog":false,"showSkybox":false,"showFlares":false,"showImageEffects":false,"showParticleSystems":false,"showVisualEffectGraphs":true,"m_FxEnabled":true},"in2DMode":false,"pivot":{"x":0.06178247928619385,"y":0.8192957639694214,"z":0.039645254611968997},"rotation":{"x":-0.029229437932372094,"y":-0.9708591103553772,"z":0.17005129158496858,"w":-0.1667594313621521},"size":1.4813858270645142,"orthographic":false}