{"cameraMode":{"drawMode":0,"name":"Shaded","section":"Shading Mode"},"sceneLighting":false,"audioPlay":false,"sceneViewState":{"m_AlwaysRefresh":false,"showFog":true,"showSkybox":false,"showFlares":true,"showImageEffects":true,"showParticleSystems":true,"showVisualEffectGraphs":true,"m_FxEnabled":true},"in2DMode":false,"pivot":{"x":-0.010701775550842286,"y":0.031124353408813478,"z":-0.001094222068786621},"rotation":{"x":-0.06155978515744209,"y":0.7009412050247192,"z":-0.0609135664999485,"w":-0.7081221342086792},"size":0.7500336170196533,"orthographic":false}