{"cameraMode":{"drawMode":0,"name":"Shaded","section":"Shading Mode"},"sceneLighting":false,"audioPlay":false,"sceneViewState":{"m_AlwaysRefresh":false,"showFog":true,"showSkybox":false,"showFlares":true,"showImageEffects":true,"showParticleSystems":true,"showVisualEffectGraphs":true,"m_FxEnabled":true},"in2DMode":false,"pivot":{"x":-0.015424862504005432,"y":0.046620406210422519,"z":0.10449206084012985},"rotation":{"x":0.022821195423603059,"y":0.671657919883728,"z":0.020828550681471826,"w":-0.7403520941734314},"size":0.36962375044822695,"orthographic":false}