{"cameraMode":{"drawMode":0,"name":"Shaded","section":"Shading Mode"},"sceneLighting":false,"audioPlay":false,"sceneViewState":{"m_AlwaysRefresh":false,"showFog":true,"showSkybox":false,"showFlares":true,"showImageEffects":true,"showParticleSystems":true,"showVisualEffectGraphs":true,"m_FxEnabled":true},"in2DMode":false,"pivot":{"x":-0.03524911403656006,"y":-0.010790664702653885,"z":0.12393277883529663},"rotation":{"x":0.01032798457890749,"y":-0.7075202465057373,"z":0.01004006341099739,"w":0.7066901326179504},"size":0.22871114313602448,"orthographic":false}