{"cameraMode":{"drawMode":0,"name":"Shaded","section":"Shading Mode"},"sceneLighting":false,"audioPlay":false,"sceneViewState":{"m_AlwaysRefresh":false,"showFog":false,"showSkybox":false,"showFlares":false,"showImageEffects":false,"showParticleSystems":false,"showVisualEffectGraphs":true,"m_FxEnabled":true},"in2DMode":false,"pivot":{"x":0.000017136335372924805,"y":0.9455491900444031,"z":-0.03686700016260147},"rotation":{"x":0.13424548506736756,"y":-0.8673215508460999,"z":0.3436332941055298,"w":0.3352644741535187},"size":0.9424136281013489,"orthographic":false}