{"cameraMode":{"drawMode":0,"name":"Shaded","section":"Shading Mode"},"sceneLighting":false,"audioPlay":false,"sceneViewState":{"m_AlwaysRefresh":false,"showFog":true,"showSkybox":false,"showFlares":true,"showImageEffects":true,"showParticleSystems":true,"showVisualEffectGraphs":true,"m_FxEnabled":true},"in2DMode":false,"pivot":{"x":-0.007824227213859558,"y":0.1126827746629715,"z":-0.03758282959461212},"rotation":{"x":-0.05595000460743904,"y":-0.7229560017585754,"z":-0.0592840313911438,"w":0.6862171292304993},"size":0.3472367525100708,"orthographic":false}