{"cameraMode":{"drawMode":0,"name":"Shaded","section":"Shading Mode"},"sceneLighting":false,"audioPlay":false,"sceneViewState":{"m_AlwaysRefresh":false,"showFog":false,"showSkybox":false,"showFlares":false,"showImageEffects":false,"showParticleSystems":false,"showVisualEffectGraphs":true,"m_FxEnabled":true},"in2DMode":false,"pivot":{"x":3.5762786865234377e-7,"y":0.9688586592674255,"z":0.01942303776741028},"rotation":{"x":0.09361036866903305,"y":-0.9042357206344605,"z":0.26328516006469729,"w":0.32292401790618899},"size":1.3736200332641602,"orthographic":false}