{"cameraMode":{"drawMode":0,"name":"Shaded","section":"Shading Mode"},"sceneLighting":false,"audioPlay":false,"sceneViewState":{"m_AlwaysRefresh":false,"showFog":true,"showSkybox":false,"showFlares":true,"showImageEffects":true,"showParticleSystems":true,"showVisualEffectGraphs":true,"m_FxEnabled":true},"in2DMode":false,"pivot":{"x":0.09153559803962708,"y":0.014800569042563439,"z":0.04568853974342346},"rotation":{"x":0.06664146482944489,"y":0.7302474975585938,"z":0.07219620794057846,"w":-0.6762413382530212},"size":0.20863306522369386,"orthographic":false}