{"cameraMode":{"drawMode":0,"name":"Shaded","section":"Shading Mode"},"sceneLighting":false,"audioPlay":false,"sceneViewState":{"m_AlwaysRefresh":false,"showFog":true,"showSkybox":false,"showFlares":true,"showImageEffects":true,"showParticleSystems":true,"showVisualEffectGraphs":true,"m_FxEnabled":true},"in2DMode":false,"pivot":{"x":-0.007545948028564453,"y":0.09160614013671875,"z":0.004819631576538086},"rotation":{"x":-0.01906723529100418,"y":0.6343165040016174,"z":-0.015545481815934182,"w":-0.7728102803230286},"size":0.3343679904937744,"orthographic":false}