{"cameraMode":{"drawMode":0,"name":"Shaded","section":"Shading Mode"},"sceneLighting":false,"audioPlay":false,"sceneViewState":{"m_AlwaysRefresh":false,"showFog":true,"showSkybox":false,"showFlares":true,"showImageEffects":true,"showParticleSystems":true,"showVisualEffectGraphs":true,"m_FxEnabled":true},"in2DMode":false,"pivot":{"x":-0.22297562658786775,"y":0.1598433256149292,"z":0.3079787492752075},"rotation":{"x":-0.06133425980806351,"y":-0.16721512377262116,"z":-0.01130903884768486,"w":0.9841063618659973},"size":2.2017884254455568,"orthographic":false}