{"cameraMode":{"drawMode":0,"name":"Shaded","section":"Shading Mode"},"sceneLighting":false,"audioPlay":false,"sceneViewState":{"m_AlwaysRefresh":false,"showFog":true,"showSkybox":false,"showFlares":true,"showImageEffects":true,"showParticleSystems":true,"showVisualEffectGraphs":true,"m_FxEnabled":true},"in2DMode":false,"pivot":{"x":0.003467082977294922,"y":0.15367412567138673,"z":0.035797119140625},"rotation":{"x":-0.039730388671159747,"y":0.5100486874580383,"z":-0.023558441549539567,"w":-0.859052836894989},"size":0.4314476251602173,"orthographic":false}