{"cameraMode":{"drawMode":0,"name":"Shaded","section":"Shading Mode"},"sceneLighting":false,"audioPlay":false,"sceneViewState":{"m_AlwaysRefresh":false,"showFog":true,"showSkybox":false,"showFlares":true,"showImageEffects":true,"showParticleSystems":true,"showVisualEffectGraphs":true,"m_FxEnabled":true},"in2DMode":false,"pivot":{"x":0.012814998626708985,"y":0.001042485237121582,"z":0.01483154296875},"rotation":{"x":0.28028571605682375,"y":-0.4820576608181,"z":0.16606976091861726,"w":0.8134608268737793},"size":2.8316287994384767,"orthographic":false}