{"cameraMode":{"drawMode":0,"name":"Shaded","section":"Shading Mode"},"sceneLighting":false,"audioPlay":false,"sceneViewState":{"m_AlwaysRefresh":false,"showFog":false,"showSkybox":false,"showFlares":false,"showImageEffects":false,"showParticleSystems":false,"showVisualEffectGraphs":true,"m_FxEnabled":true},"in2DMode":false,"pivot":{"x":-0.007367661222815514,"y":0.4808868169784546,"z":0.2392357885837555},"rotation":{"x":0.014866167679429055,"y":-0.9638231992721558,"z":0.26055052876472475,"w":0.05624305456876755},"size":0.25344422459602358,"orthographic":false}