{"cameraMode":{"drawMode":0,"name":"Shaded","section":"Shading Mode"},"sceneLighting":false,"audioPlay":false,"sceneViewState":{"m_AlwaysRefresh":false,"showFog":true,"showSkybox":false,"showFlares":true,"showImageEffects":true,"showParticleSystems":true,"showVisualEffectGraphs":true,"m_FxEnabled":true},"in2DMode":false,"pivot":{"x":-0.0008158683776855469,"y":0.665245532989502,"z":-0.48413658142089846},"rotation":{"x":-0.5088897347450256,"y":0.49124863743782046,"z":-0.49562159180641177,"w":-0.5042462348937988},"size":2.914531707763672,"orthographic":false}