{"cameraMode":{"drawMode":0,"name":"Shaded","section":"Shading Mode"},"sceneLighting":false,"audioPlay":false,"sceneViewState":{"m_AlwaysRefresh":false,"showFog":true,"showSkybox":false,"showFlares":true,"showImageEffects":true,"showParticleSystems":true,"showVisualEffectGraphs":true,"m_FxEnabled":true},"in2DMode":false,"pivot":{"x":0.003084048628807068,"y":0.00041563063859939575,"z":-0.04880407452583313},"rotation":{"x":-0.003738265484571457,"y":0.6928064823150635,"z":-0.0034725619480013849,"w":-0.7212438583374023},"size":0.3751922845840454,"orthographic":false}