{"cameraMode":{"drawMode":0,"name":"Shaded","section":"Shading Mode"},"sceneLighting":false,"audioPlay":false,"sceneViewState":{"m_AlwaysRefresh":false,"showFog":true,"showSkybox":false,"showFlares":true,"showImageEffects":true,"showParticleSystems":true,"showVisualEffectGraphs":true,"m_FxEnabled":true},"in2DMode":false,"pivot":{"x":0.08532893657684326,"y":0.8850405216217041,"z":-0.05825793743133545},"rotation":{"x":-0.004499797243624926,"y":0.9601840972900391,"z":-0.27943718433380129,"w":-0.0158641766756773},"size":1.5969994068145753,"orthographic":false}