{"cameraMode":{"drawMode":0,"name":"Shaded","section":"Shading Mode"},"sceneLighting":false,"audioPlay":false,"sceneViewState":{"m_AlwaysRefresh":false,"showFog":true,"showSkybox":false,"showFlares":true,"showImageEffects":true,"showParticleSystems":true,"showVisualEffectGraphs":true,"m_FxEnabled":true},"in2DMode":false,"pivot":{"x":-0.014014005661010743,"y":0.10069604218006134,"z":0.08823773264884949},"rotation":{"x":-0.04949583113193512,"y":-0.7396493554115295,"z":-0.05506283789873123,"w":0.6690601706504822},"size":0.339937299489975,"orthographic":false}